<!--
RadSideDrawer is a UI component part of the Progress NativeScript UI set of components.
Learn more about the RadSideDrawer UI component and how it can be customized in this documentation article:
https://docs.nativescript.org/ui/professional-ui-components/SideDrawer/getting-started
-->
<nsDrawer:RadSideDrawer id="sideDrawer" xmlns:nsDrawer="nativescript-ui-sidedrawer" loaded="onLoaded" class="ns-statusbar-transparent">
    <nsDrawer:RadSideDrawer.drawerTransition>
        <nsDrawer:SlideInOnTopTransition/>
    </nsDrawer:RadSideDrawer.drawerTransition>

    <nsDrawer:RadSideDrawer.drawerContent>
        <GridLayout rows="auto, *" class="nt-drawer__content">
           
            <ScrollView row="1">
                <StackLayout>
                    <GridLayout columns="auto, *" class="{{ 'nt-drawer__list-item' + (selectedPage === 'About' ? ' -selected': '') }}"
                    route="about/about-page" title="About" tap="onNavigationItemTap">
                    <!-- <Label row="0" col="0" text="&#xf1ea;" class="nt-icon far" /> -->
                    <Label row="0" col="1" text="About" class="p-r-10" />
                </GridLayout>

                    <GridLayout columns="auto, *" class="{{ 'nt-drawer__list-item' + (selectedPage === 'Home' ? ' -selected': '') }}"
                        route="home/home-page" title="Home" tap="onNavigationItemTap">
                        <!-- <Label row="0" col="0" text="&#xf015;" class="nt-icon fas" /> -->
                        <Label row="0" col="1" text="Home" class="p-r-10" />
                    </GridLayout>
                
                    <GridLayout columns="auto, *" class="{{ 'nt-drawer__list-item' + (selectedPage === 'Settings' ? ' -selected': '') }}"
                    route="settings/settings-page" title="Settings" tap="onNavigationItemTap">
                    <!-- <Label row="0" col="0" text="&#xf013;" class="nt-icon fas" /> -->
                    <Label row="0" col="1" text="Settings" class="p-r-10" />
                </GridLayout>
                   
                    <!-- <GridLayout columns="auto, *" class="{{ 'nt-drawer__list-item' + (selectedPage === 'Search' ? ' -selected': '') }}"
                        route="search/search-page" title="Search" tap="onNavigationItemTap">
                        <Label row="0" col="0" text="&#xf002;" class="nt-icon fas" />
                        <Label row="0" col="1" text="Search" class="p-r-10" />
                    </GridLayout> -->
                    <StackLayout class="hr"></StackLayout>
                    <GridLayout columns="auto, *" class="{{ 'nt-drawer__list-item' + (selectedPage === 'FAQ' ? ' -selected': '') }}"
                        route="faq/faq-page" title="FAQ" tap="onNavigationItemTap">
                        <!-- <Label row="0" col="0" text="&#xf005;" class="nt-icon fas" /> -->
                        <Label row="0" col="1" text="FAQ" class="p-r-10" />
                    </GridLayout>

                

                   
                </StackLayout>
            </ScrollView>
        </GridLayout>
    </nsDrawer:RadSideDrawer.drawerContent>

    <nsDrawer:RadSideDrawer.mainContent>
        <Frame defaultPage="home/home-page"></Frame>
    </nsDrawer:RadSideDrawer.mainContent>
</nsDrawer:RadSideDrawer>
