<Page
    navigatingTo="onNavigatingTo"  
    xmlns="http://schemas.nativescript.org/tns.xsd">

    <ActionBar>
        <!-- 
        Use the NavigationButton as a side-drawer button in Android
        because ActionItems are shown on the right side of the ActionBar
        -->
        <NavigationButton ios:visibility="collapsed" icon="res://menu" tap="onDrawerButtonTap"></NavigationButton>
        <!-- 
        Use the ActionItem for IOS with position set to left. Using the
        NavigationButton as a side-drawer button in iOS is not possible,
        because its function is to always navigate back in the application.
        -->
        <ActionItem icon="res://menu" 
            android:visibility="collapsed" 
            tap="onDrawerButtonTap"
            ios.position="left">
        </ActionItem>
        <Label text="Settings"></Label>
    </ActionBar>
    
    <GridLayout class="page__content" backgroundColor="{{bgColor}}" color="{{textColor}}">
        <GridLayout  backgroundColor="{{bgColor}}" rows="auto,auto,auto,auto,auto,*">
            <Label class="body  m-x-5 m-y-5" row="0" text="Pick theme: "  />
            <ListPicker row="1" id="theme-pick" items="{{themes}}"   selectedIndex="{{curr_theme}}" loaded="{{onListPickerLoaded}}"/>
            <!-- <Label row="2" text="Pick font size:" fontSize="{{size}}" color="{{textColor}}"/>
            <ListPicker row="3" id="font-pick" items="{{fonts}}" fontSize = "{{size}}" color="{{textColor}}" selectedIndex="{{curr_font}}" />-->
            <GridLayout row ="4" columns="*" tap="{{onApplyTap}}"> 
                <!-- <Button col="0" text="Cancel" backgroundColor="gray" /> -->
                <Button col="1" text="Apply changes " backgroundColor="gray"/>
            </GridLayout>
            
        </GridLayout>
        
    </GridLayout>
</Page>
